Session ID,Chair,Photo,Affiliation
ICDAR,Minh-Son Dao,,National Institute of Information and Communications Technology
ICDAR,Cathal Gurrin,,Dublin City University
ICDAR,Michael Alexander Riegler,,Simula Metropolitan Center for Digital Engineering
ICDAR,Duc Tien Dang Nguyen,,Bergen University
ICDAR,Thanh-Binh Nguyen,,Vietnam National University in HCM city
ICDAR,Minh-Triet Tran,,Vietnam National University in HCM city
CEA,Yoko Yamakata,,The University of Tokyo
CEA,Atsushi Hashimoto,,OMRON SINIC X corp.
CEA,Keisuke Doman,,Chukyo University
CEA,Katsufumi Inoue,,"Osaka Prefecture University,"
CEA,Ichiro Ide,https://icmr2021.org/img/oc-img/IchiroIde.jpg,Nagoya University
CEA,Shinsuke Nakajima,,Kyoto Sangyo University
CEA,Kiyoharu Aizawa,,The University of Tokyo
MMPT,Bei Liu,https://multimodalpretraining.github.io/static/img/Bei_Liu.jpg,Microsoft Research Asia
MMPT,Jianlong Fu,https://multimodalpretraining.github.io/static/img/JianlongFu.jpeg,Microsoft Research Asia
MMPT,Shizhe Chen,https://multimodalpretraining.github.io/static/img/Shizhe_Chen.jpg,INRIA
MMPT,Qin Jin,https://multimodalpretraining.github.io/static/img/Qin_Jin.jpg,Renmin University of China
MMPT,Alexander Hauptmann,https://multimodalpretraining.github.io/static/img/Hauptmann_Alexander.jpg,Carnegie Mellon University
MMPT,Yong Rui,https://multimodalpretraining.github.io/static/img/Yong_Rui.jpg,Lenovo Group
MMArt-ACM,Min-Chun Hu,https://icmr2021.org/img/oc-img/MinChunHu.jpg,National Tsing Hua University
MMArt-ACM,Ichiro Ide,https://icmr2021.org/img/oc-img/IchiroIde.jpg,Nagoya University
MMArt-ACM,Kensuke Tobitani,,University of Nagasaki
SS1,Jian Wang,,Shandong Normal University
SS2,Huibing Wang,,Dalian Maritime University
Oral 1,Chih-Chung Hsu,https://icmr2021.org/img/oc-img/ChihChungHsu.jpg,National Cheng Kung University
Oral 2,Keiji Yanai,,University of Electro-Communications
Oral 3,Ichiro Ide,https://icmr2021.org/img/oc-img/IchiroIde.jpg,Nagoya University
Oral 4,Hong-Han Shuai,https://icmr2021.org/img/oc-img/HongHanShuai.jpg,National Yang Ming Chiao Tung University
Oral 5,Vasileios Mezaris,,Information Technologies Institute
Oral 6,Li-Wei Kang,https://icmr2021.org/img/oc-img/LiWeiKang.jpg,National Taiwan Normal University
Oral 7,Yusuke Matsui,,The University of Tokyo
Oral 8,Yung-Yao Chen,https://icmr2021.org/img/oc-img/YungYaoChen.jpg,National Taiwan University of Science and Technology
Oral 9,Yong-Sheng Chen,,National Yang Ming Chiao Tung University
Oral 10,Ching-Chun Huang,https://icmr2021.org/img/oc-img/ChingChunHuang.jpg,National Yang Ming Chiao Tung University
Challenge 1,Yizhou Wang,,University of Washington
Challenge 2,Jiun-In Guo,,National Yang Ming Chiao Tung University
Challenge 3,Yao Zhao,,Beijing Jiaotong University
Challenge 3,Runmin Cong,,Beijing Jiaotong University
Doc.,Chih-Yang Lin,,Yuan Ze University
Best,Marcel Worring,https://icmr2021.org/img/oc-img/MarcelWorring.jpg,University of Amsterdam
Poster,Shintami Hidayati,https://icmr2021.org/img/oc-img/ShintamiChusnulHidayati.jpg,Institut Teknologi Sepuluh Nopember
Demo,Yi-Ling Chen,https://icmr2021.org/img/oc-img/YiLingChen.jpg,National Taiwan University of Science and Technology
LSC,Björn Þór Jónsson,,IT University of Copenhagen
LSC,Cathal Gurrin,,Dublin City University
LSC,Duc Tien Dang Nguyen,,University of Bergen
LSC,Jakub Lokoc,,Charles University
LSC,Klaus Schoeffmann,,Klagenfurt University
LSC,Minh-Triet Tran,,University of Science - Ho Chi Minh City
LSC,Wolfgang Hürst,,Utrecht University
LSC,Graham Healy,,Dublin City University
LSC,Luca Rossetto,,University of Zurich
Keynote 1,Wei-Ta Chu,https://icmr2021.org/img/oc-img/WeiTaChu.jpg,National Cheng Kung University
Keynote 2,Wen-Huang Cheng,https://icmr2021.org/img/oc-img/WenHuangCheng.jpg,National Yang Ming Chiao Tung University
Keynote 3,Mohan Kankanhalli,https://icmr2021.org/img/oc-img/MohanKankanhalli.jpg,National University of Singapore
Award,Wei-Ta Chu,https://icmr2021.org/img/oc-img/WeiTaChu.jpg,National Cheng Kung University
Award,Wen-Huang Cheng,https://icmr2021.org/img/oc-img/WenHuangCheng.jpg,National Yang Ming Chiao Tung University
Open,Wen-Huang Cheng,https://icmr2021.org/img/oc-img/WenHuangCheng.jpg,National Yang Ming Chiao Tung University
