Time,Session ID,Session Name,Date,Link
9:00~17:00,ICDAR,Workshop on Intelligent Cross-Data Analysis and Retrieval,11/16/2021,https://us02web.zoom.us/j/83468376330?pwd=L29yYWRKaldIMGJPbjdsVGdMby8rZz09
9:00~12:00,CEA,Workshop on Multimedia for Cooking and Eating Activities,11/16/2021,https://us02web.zoom.us/j/81517589055?pwd=YUFlYkszRVM3Q2hMVG16S0FZSTZ3dz09
9:00~12:00,MMPT,Workshop on Multi-Modal Pre-Training for Multimedia Understanding,11/16/2021,https://us02web.zoom.us/j/83580842970?pwd=UERFSkdBdDByR2xqOU43Um9kZENLUT09
13:00~17:00,MMArt-ACM,Joint Workshop on Multimedia Artworks Analysis and Attractiveness Computing in Multimedia,11/16/2021,https://us02web.zoom.us/j/86562058630?pwd=QmNUTW14cXkwclVSVGJQR2hYaVNCdz09
8:30~9:00,Open,Opening,11/17/2021,https://us02web.zoom.us/j/89019280450?pwd=ZE1ZeDZVN1hjbjdqcXVQRnBqdXl1dz09
9:00~10:00,Keynote 1,Keynote 1,11/17/2021,https://us02web.zoom.us/j/87131660311?pwd=SWpvaDNjUGlTRmZET1VGdnlucGFQdz09
11:00~12:00,SS1,SS on Content-Based Medical Image Retrieval,11/17/2021,https://us02web.zoom.us/j/81230413447?pwd=Rm92Q3JObVRvNXVMamZXRTl3YURudz09
11:00~12:30,SS2,SS on Delving into Vision and Language Intelligence,11/17/2021,https://us02web.zoom.us/j/89111743492?pwd=UVBJNHBsUjQxTmM2Q0ZmQWhZV1loQT09
13:30~15:00,Oral 1,Cross Modal Retrieval,11/17/2021,https://us02web.zoom.us/j/89402671057?pwd=SmxRU0tvSUM5NzF6OW10VHNLb2tTQT09
13:30~15:00,Challenge 1,Grand Challenges on ROD,11/17/2021,https://us02web.zoom.us/j/81243777035?pwd=K2pYRXlZQWRLU0Zoek83VXdTZW11UT09
15:00~16:30,Challenge 3,Real DSR Challenge,11/17/2021,https://us02web.zoom.us/j/89721339536?pwd=OUhmSVprOXhNRVZFdWhsZDJuY1ZtZz09
9:00~10:30,Oral 2,Image Synthesis and Analysis,11/18/2021,https://us02web.zoom.us/j/87007124427?pwd=NjJpTTJWUEJGVVZPaDRybS82aG9jQT09
9:00~10:30,Oral 3,Image Recognition and Retrieval,11/18/2021,https://us02web.zoom.us/j/86366275273?pwd=b0x4K21FdTY1TVNWS0ZuS0pJOFN0dz09
9:00~10:30,Doc.,Doctoral Symposium,11/18/2021,https://us02web.zoom.us/j/82291395044?pwd=QVNsNHYzWjJDd3BiTDk0Q2N5VGExZz09
11:00~12:00,Oral 4,"Query, Reasoning, and Recommendation",11/18/2021,https://us02web.zoom.us/j/82762947896?pwd=L3NpVHF0SEt1QXpxcHVpd3A5blFpZz09
11:00~12:00,Challenge 2,Grand Challenges on Embedded Object Detection,11/18/2021,https://us02web.zoom.us/j/87204435513?pwd=ZDhQbk9sbDhFWTNGTTJrNm96M3lyQT09
13:00~14:00,Best,Best Paper Candidate Session,11/18/2021,https://us02web.zoom.us/j/86733071198?pwd=TG5FUDNhRUVpSWVKWFJRQ1BiVEJ2UT09
13:00~15:30,Poster,Poster Session,11/18/2021,https://us02web.zoom.us/j/87618301926?pwd=YWNJQmIwVTdiSmx6ckk0Y2s4QWdyUT09
13:00~15:30,Demo,Demo Session,11/18/2021,https://us02web.zoom.us/j/87221898634?pwd=ZVhlN1g0MlhTaGl1bnBmbHNETjlSZz09
14:00~15:30,Oral 5,Learning Strategies,11/18/2021,https://us02web.zoom.us/j/86380006990?pwd=dHFjQ3A5UTRZdysvUXcxYi9BNGxiUT09
14:00~15:30,Oral 6,Human Action and Face,11/18/2021,https://us02web.zoom.us/j/81958427619?pwd=RS9IY0krUXZyOHZMd0hSTGV1aENxdz09
16:00~17:00,Keynote 2,Keynote 2,11/18/2021,https://us02web.zoom.us/j/87110050890?pwd=cXArOGpGVWNPWnkvTkFTdWVUcnJRUT09
17:00~18:00,Award,ICMR 2021 Award Ceremony,11/18/2021,https://us02web.zoom.us/j/86263395399?pwd=cTViVkFqbUlSWTZzZ09wSVNIaUhUUT09
8:30~10:00,Oral 7,Information/Data Retrieval,11/19/2021,https://us02web.zoom.us/j/82114287921?pwd=YlFIOU85TEVWM3p1UzdPbE5nQTJodz09
8:30~10:00,Oral 8,Representation Learning,11/19/2021,https://us02web.zoom.us/j/81913088956?pwd=ZFo3clFkeStQTkdsNnBHV3Jqcmhpdz09
9:00~12:00,Tutorial,Tutorial on Cross-modal Retrieval and Its Applications in Multimedia Advertising,11/19/2021,https://us02web.zoom.us/j/81859275617?pwd=YmRkVGtaVlpzcnAxTXNPN2luZVNadz09
10:00~11:00,Keynote 3,Keynote 3,11/19/2021,https://us02web.zoom.us/j/86488982093?pwd=Z3ZmWVpnUEhjdkIzYmdKdkNSZFovUT09
11:00~13:00,Oral 9,Video and Audio Analysis,11/19/2021,https://us02web.zoom.us/j/82774577678?pwd=cWk0cVdhQnZlai94QWErTTdSQnVxdz09
11:00~12:30,Oral 10,Human Action Analysis,11/19/2021,https://us02web.zoom.us/j/82068558712?pwd=ZVVRa0IzMkJZNVcyTmhNa3Frd2ZuZz09
14:00~20:00,LSC,Annual Lifelog Search Challenge,11/19/2021,https://us02web.zoom.us/j/89665600105?pwd=MWJxSU82ZnBPWXBnd0h1ZlRPZFIwdz09
